{
  "Logistic Regression": {
    "accuracy": 0.7075,
    "precision": 0.7167235494880546,
    "recall": 0.860655737704918,
    "f1_score": 0.7821229050279329,
    "confusion_matrix": [
      [
        73,
        83
      ],
      [
        34,
        210
      ]
    ]
  },
  "Decision Tree": {
    "accuracy": 0.91,
    "precision": 0.9333333333333333,
    "recall": 0.9180327868852459,
    "f1_score": 0.9256198347107439,
    "confusion_matrix": [
      [
        140,
        16
      ],
      [
        20,
        224
      ]
    ]
  },
  "Random Forest": {
    "accuracy": 0.9325,
    "precision": 0.9428571428571428,
    "recall": 0.9467213114754098,
    "f1_score": 0.9447852760736196,
    "confusion_matrix": [
      [
        142,
        14
      ],
      [
        13,
        231
      ]
    ]
  }
}